{"stats":{"minecraft:picked_up":{"minecraft:wheat_seeds":3,"minecraft:dandelion":1},"minecraft:custom":{"minecraft:jump":11,"minecraft:time_since_rest":5248,"minecraft:leave_game":6,"minecraft:play_time":5248,"minecraft:sprint_one_cm":5620,"minecraft:time_since_death":5248,"minecraft:walk_one_cm":753,"minecraft:total_world_time":5248,"minecraft:fall_one_cm":894,"minecraft:drop":3,"minecraft:fly_one_cm":2534},"minecraft:mined":{"minecraft:tall_grass":12,"minecraft:grass":8,"minecraft:dandelion":1},"minecraft:dropped":{"minecraft:wheat_seeds":2,"minecraft:dandelion":1}},"DataVersion":3465}